Company_Id,Job ID,Job Position Name,Posted Date,Location,url
C0000217,R0002193,Technical Writer,4/8/2019,"Lehi, UT",
C0000217,R0001922,Regional Account Manager (LA),3/26/2019,Remote,
C0000217,R0001935,Sr Data Scientist,4/24/2019,"San Francisco, CA",
C0000217,R0002450,BSA/AML & Economic Sanctions Manager,4/24/2019,"San Francisco, CA",
C0000217,R0002429,Identity and Access Management Engineer,4/23/2019,"Lehi, UT",
C0000217,R0002457,Application Security Engineer,4/23/2019,"San Francisco, CA",
C0000217,R0002357,"Software Engineer, Enterprise Risk",4/23/2019,"San Francisco, CA",
C0000217,R0002077,Security Engineer - Penetration Testing,4/23/2019,"San Francisco, CA",
C0000217,R0002305,Revenue Accountant,4/23/2019,"San Francisco, CA",
C0000217,R0001640,"Director, Credit Risk",4/23/2019,"San Francisco, CA",
C0000217,R0002453,"DevOps Engineer, Big Data",4/22/2019,"San Francisco, CA",
C0000217,R0002448,"Sr DevOps Engineer, Big Data",4/22/2019,"San Francisco, CA",
C0000217,R0002465,"WFM Analyst, Mission Control",4/22/2019,"Lehi, UT",
C0000217,R0002430,"Sr Analyst, Operations Analytics",4/19/2019,"Lehi, UT",
C0000217,R0001769,Credit Specialist,4/17/2019,"Lehi, UT",
C0000217,R0001989,Quality Assurance Specialist,4/17/2019,"Lehi, UT",
C0000217,R0001767,Customer Development â€“ Inside Sales,4/17/2019,"Lehi, UT",
C0000217,R0002281,Sr Technical Accounting Manager,4/17/2019,"San Francisco, CA",
C0000217,R0001981,"Team Lead, Payment Solutions",4/17/2019,"Lehi, UT",
C0000217,R0002350,Sr Product Designer,4/16/2019,San Francisco,
C0000217,R0002467,Principal Data Scientist,4/16/2019,"San Francisco, CA",
C0000217,R0002471,Product Manager,4/16/2019,"San Francisco, CA",
C0000217,R0002468,"Sr Manager, Data Science",4/16/2019,"San Francisco, CA",
C0000217,R0002464,Accounts Payable Specialist,4/16/2019,"San Francisco, CA",
C0000217,R0002432,"Sr Manager, Design",4/16/2019,"San Francisco, CA",
C0000217,R0001766,Payment Solutions Specialist,4/15/2019,"Lehi, UT",
C0000217,R0002019,Sr Business Analyst,4/12/2019,"Westborough, MA",
C0000217,R0002345,"Director, Growth Analytics",4/12/2019,"San Francisco, CA",
C0000217,R0001765,Investor Services Associate,4/12/2019,"San Francisco, CA",
C0000217,R0002431,Data Scientist (Product Analytics),4/11/2019,"San Francisco, CA",
C0000217,R0002402,Product Manager,4/11/2019,"San Francisco, CA",
C0000217,R0002361,Desktop Support,4/11/2019,"Lehi, UT",
C0000217,R0002075,"Sr Project Manager, Credit Risk Decision Platform",4/10/2019,"San Francisco, CA",
C0000217,R0002002,Sr Site Reliability Engineer,4/9/2019,"San Francisco, CA",
C0000217,R0002424,HR Systems Analyst,4/8/2019,"Lehi, UT",
C0000217,R0001768,Customer Support Representative,4/8/2019,"Lehi, UT",
C0000217,R0002301,Sr Contract Specialist,4/5/2019,"San Francisco, CA",
C0000217,R0002346,Lien Perfection Specialist,4/4/2019,"San Francisco, CA",
C0000217,R0002368,People Success Business Partner,4/4/2019,"Lehi, UT",
C0000217,R0002372,Sr Third Party Risk Analyst,4/2/2019,"San Francisco, CA",
C0000217,R0002360,IT Sox Audit Manager,4/2/2019,"San Francisco, CA",
C0000217,R0001829,Sr Growth Marketing Manager,4/2/2019,"San Francisco, CA",
C0000217,R0002224,Sr Growth Analytics Manager,4/2/2019,"San Francisco, CA",
C0000217,R0001964,Contact Center Solutions Analyst,4/2/2019,"Lehi, UT",
C0000217,R0002363,Instructional Designer,4/2/2019,"Lehi, UT",
C0000217,R0002364,Desktop Engineer ( Apple focused),4/1/2019,"Lehi, UT",
C0000217,R0002347,Product Manager,4/1/2019,"San Francisco, CA",
C0000217,R0001917,"Director, Corporate Accounting",3/29/2019,"San Francisco, CA",
C0000217,R0002351,Big Data Software Architect,3/29/2019,"San Francisco, CA",
C0000217,R0002362,"Manager, Systems Engineering",3/28/2019,"Lehi, UT",
C0000217,R0002304,Sr FP&A Analyst,3/25/2019,"San Francisco, CA",
C0000217,R0002219,Sr Corporate Paralegal,3/25/2019,"San Francisco, CA",
C0000217,R0002337,Sr Network Engineer,3/25/2019,"Lehi, UT",
C0000217,R0002228,Sr Legal Operations Analyst,3/25/2019,"Lehi, UT",
C0000217,R0002275,Sr Treasury Analyst,3/25/2019,"Salt Lake City, UT",
C0000217,R0002056,Senior Accountant,3/25/2019,"San Francisco, CA",
C0000217,R0002196,Sr IT Auditor,3/25/2019,"San Francisco, CA",
C0000217,R0002069,Key Account Manager,3/25/2019,"Westborough, MA",
C0000217,R0002300,Learning and Development Facilitator,3/25/2019,"Lehi, UT",
C0000217,R0002231,Threat Response Engineer,3/25/2019,"San Francisco, CA",
C0000217,R0002237,Sr BSA/AML & Economic Sanctions Analyst,3/25/2019,"San Francisco, CA",
C0000217,R0001166,Sr Digital Marketing Manager,3/25/2019,"San Francisco, CA",
C0000217,R0002042,Business Operations Analyst,3/25/2019,"San Francisco, CA",
C0000217,R0001898,Principal Test Automation Engineer,3/25/2019,"San Francisco, CA",
C0000217,R0002211,Recruiter,3/25/2019,"Lehi, UT",
C0000217,R0002225,Sr Corporate Brand Strategy Manager,3/25/2019,"San Francisco, CA",
C0000217,R0002200,"Director, Trading Operations",3/25/2019,"San Francisco, CA",
C0000217,R0002192,Principal Software Engineer - Marketing Technologies,3/25/2019,"San Francisco, CA",
C0000217,R0002209,Executive Assistant,3/25/2019,"San Francisco, CA",
C0000217,R0002174,Business Operations Manager,3/25/2019,"San Francisco, CA",
C0000217,R0002176,Client Relationship Manager,3/25/2019,"San Francisco, CA",
C0000217,R0001144,Sr Growth Analytics Manager,3/25/2019,"San Francisco, CA",
C0000217,R0002100,Internal Communications Manager,3/25/2019,San Francisco,
C0000217,R0001313,UI Architect,3/25/2019,"San Francisco, CA",
C0000217,R0002062,"Third Party Risk Manager, Program Governance",3/25/2019,"San Francisco, CA",
C0000217,R0002035,Sr Product Analyst,3/25/2019,"San Francisco, CA",
C0000217,R0002012,Technical Accounting Manager,3/25/2019,"San Francisco, CA",
C0000217,R0002033,Procurement Manager,3/25/2019,"San Francisco, CA",
C0000217,R0001910,Investor Analytics Manager,3/25/2019,"San Francisco, CA",
C0000217,R0001763,Senior UI Engineer,3/25/2019,"San Francisco, CA",
C0000217,R0001764,Sr Java Software Engineer,3/25/2019,"San Francisco, CA",
